ID#,POL IDEN,EXT,AGR,CON,NEU,OPE,DENSITY,
1,1.4,2.3,3.2,3.5,1.7,3.3,1,"5,593.1"
2,2.9,2.3,3.3,2.5,3.5,3,2,"16,336.2"
3,2.9,3.3,3.8,4,2.3,4,3,"8,826.7"
4,2.1,4,4.2,3.8,1.2,3.2,4,"1,216.0"
6,1.4,2.8,3.8,3.7,2.2,3.5,6,"2,118.5"
7,5.0,4.8,4.5,3.8,1.2,4.8,7,"36,325.0"
8,5.0,4,4.5,3.2,3.5,4.8,8,"9,680.9"
9,0.7,3.7,3.2,4.5,1.8,4,9,"5,038.9"
10,1.4,3.7,4.8,4.8,2,4.7,10,"1,878.2"
13,3.6,3.8,4.2,3.8,2.3,3.8,13,"9,301.8"
14,3.6,3.7,5,4.2,1.8,4.5,14,"7,942.8"
15,4.3,3.7,4.2,4.3,1.2,4.8,15,"4,387.3"
17,5.0,3.7,4.2,2.8,1.5,3.3,17,"4,906.7"
18,4.3,2.8,3.5,3.2,3.3,2.7,18,"4,906.7"
19,2.9,3.3,5,3.5,2,4.2,19,"7,606.7"
20,4.3,3.5,5,5,1.5,3.5,20,"4,906.7"
21,3.6,3.7,3.5,4.3,1.5,3.5,21,"4,906.7"
22,4.3,3.5,3.2,3.3,2.2,4.3,22,"1,193.7"
23,1.4,3.3,5,4.5,1.3,4.3,23,"21,008.6"
24,4.3,2.3,4,3.2,1.8,2.5,24,"1,193.7"
25,2.9,3,3.3,3.7,2.5,3.7,25,"2,061.0"
26,5.0,3.2,4.5,3.3,3.3,4.8,26,"5,907.6"
27,1.4,3,4.3,3.7,1,4.5,27,"6,716.9"
31,4.3,4,4.3,3.3,2.5,4,31,"8,906.3"
32,4.3,4.7,4.5,5,1,4.8,32,"11,331.5"
33,4.3,3.2,4.5,4.2,2.3,4.7,33,"5,624.4"
34,4.3,4.2,4.7,3.8,1.2,4.7,34,"1,216.0"
35,4.3,5,4,4.8,1.3,3.3,35,"9,241.0"
36,1.4,4,4,4,2,4,36,"3,438.5"
37,1.4,3.8,4.5,4.3,1.7,5,37,389.6
38,4.3,2,3.8,3.5,3.3,3,38,"1,593.5"
39,2.9,4,4.3,5,1.7,3.2,39,"1,793.1"
41,4.3,4.2,3,3.8,2.5,5,41,"26,486.6"
42,2.9,4,3.5,3.3,1.7,4.2,42,"5,470.1"
43,3.6,3,4.2,4.3,2.7,3,43,"1,554.6"
45,1.4,2.5,4.5,4.5,2.3,3,45,"6,560.0"
46,2.9,3.2,4.2,2.3,2.3,2.8,46,372.3
47,0.7,3.3,3.3,3.7,1.3,4.3,47,"3,851.6"
48,1.4,4.2,4.3,4.3,1.3,4.2,48,"8,269.5"
49,2.9,3.8,4.8,3.8,1,4,49,"2,369.3"
50,2.9,2.5,2.8,3,2.8,3.3,50,109.2
51,4.3,2.2,3.8,3,3.3,3.3,51,"5,038.9"
52,4.3,3.3,4.3,3.7,2.2,4.5,52,"1,878.2"
53,2.9,4.7,5,5,1.7,4.3,53,"10,639.3"
54,2.1,2.3,4,3.7,2,5,54,"3,385.8"
55,4.3,2.8,4.8,3.8,1.2,3,55,"6,818.6"
56,1.4,4.7,3.3,3.5,2.8,3.8,56,"6,818.6"
57,3.6,3.3,4.5,4.3,1.3,4.2,57,"9,398.3"
58,2.9,2.3,3.8,4.3,1.3,3.7,58,"6,818.6"
59,2.1,2.7,3.3,3.2,2.7,4.2,59,"8,653.7"
60,2.1,3.3,3.2,3.3,2.3,3.2,60,"8,653.7"
62,2.9,3,4.2,4.2,3.2,4.2,62,"1,782.0"
63,4.3,3.7,4.3,4.3,1.5,4.2,63,"2,738.1"
64,4.3,2.7,4.5,3.2,2,3.8,64,"3,365.4"
66,2.1,3.5,4.5,3.7,3,4.8,66,"12,086.8"
67,1.4,2.8,2.8,3,3.5,3.2,67,"7,944.7"
69,0.7,3,3,3,3,3,69,"7,956.1"
70,0.7,2.5,3.8,3.2,2.2,4.7,70,"1,650.2"
72,4.3,3.7,4.3,2.8,2,4.3,72,144.3
74,1.4,3,4.5,4.3,2.5,2.8,74,"2,684.7"
75,3.6,2.2,4.7,3.5,1.3,4.5,75,"6,690.7"
76,2.1,2.8,3.7,4.8,3.7,4.2,76,"5,445.3"
77,4.3,3.7,4.8,5,1.3,3.8,77,"6,882.9"
78,4.3,3,4,3.8,2,4.2,78,"6,818.6"
79,4.3,3.2,4,4.2,1.3,4.5,79,"1,609.0"
80,4.3,3.2,5,3.3,2.2,3.8,80,"6,605.2"
81,4.3,3.7,4,3.3,2.7,4.7,81,"6,028.0"
82,1.4,2.7,4.5,4.3,1.3,3.3,82,"6,618.4"
83,2.9,5,5,5,1.5,5,83,"4,527.2"
84,5.0,2.7,4.3,2.2,1.7,2.5,84,"3,723.1"
85,1.4,2.3,3.8,2.8,2.2,2.5,85,2.8
86,3.6,1.8,4.2,1.7,5,4,86,"7,682.0"
89,4.3,3.3,4.3,3.8,1.5,4,89,"1,451.5"
90,5.0,4.5,2.8,3.2,1.7,4.5,90,"19,223.1"
91,3.6,3.3,4.5,4.3,2,3.3,91,"3,217.2"
92,5.0,2.5,3.8,3.5,1.7,5,92,"24,201.5"
93,2.9,4.2,4.5,3.7,1.8,4.5,93,"6,421.1"
94,5.0,4,4.2,4,1.7,4.2,94,47.9
95,1.4,4.3,4.8,4.3,1,3,95,"6,356.3"
96,2.9,2.2,4,3.8,1.7,3.3,96,"5,222.2"
98,2.9,4,4.2,3.3,2.7,3.8,98,"2,223.8"
99,3.6,4.2,4.3,4.7,2.3,5,99,"6,128.7"
100,2.9,3.7,4.8,4.7,1.7,4.5,100,"3,057.5"
101,2.9,4,4.8,3.7,1.5,4.7,101,"10,141.7"
103,4.3,2.8,2.8,3.3,3.8,4.3,103,"6,716.9"
104,2.1,3.8,4.3,4.2,1.5,3.8,104,"8,527.7"
106,2.9,4,2.8,3.3,2.5,5,106,"5,645.0"
107,1.4,3.2,4.3,3.2,3,4.5,107,"11,419.0"
109,2.9,2.7,3.5,3.5,4.2,3.6,109,"3,464.1"
110,2.1,3.7,4,2.7,1.7,4.3,110,"7,150.6"
111,5.0,4.2,4.8,4.3,2.2,3.5,111,"6,294.3"
113,1.4,4.2,4,3.8,2.8,3.5,113,"5,665.1"
114,4.3,3.3,4,4,2.2,3.8,114,"3,505.3"
115,2.9,3.7,3,4.2,1.8,4.3,115,"4,685.0"
116,4.3,2.3,5,4.7,1.7,3.4,116,"3,946.8"
117,2.9,4.3,3.2,3.7,2,4.7,117,"2,795.5"
118,4.3,3.8,3.7,3.5,3.5,2.7,118,314.1
119,2.9,3,3,3,3,3,119,"6,563.7"
120,4.3,2.7,4.7,3.5,2.7,3.8,120,"5,183.9"
121,1.4,4.3,3.2,4.7,1.2,3.7,121,"3,625.8"
122,4.3,3.8,2.7,3,2.3,3.5,122,"2,815.2"
123,4.3,3.5,3.2,3.3,2.7,3.8,123,"5,093.1"
124,4.3,2.7,3.5,3.3,2.5,4.2,124,"2,688.9"
125,2.1,3.5,3.8,3.3,3.2,4.3,125,"7,461.5"
126,2.9,2.2,4.5,4,2.7,3.7,126,190.6
127,2.9,2.5,4.2,4.7,2.5,3.2,127,"17,705.0"
128,3.6,4.3,4.8,4.2,2.8,3.7,128,424.3
129,4.3,4.2,4.5,3.2,2,4.7,129,"9,621.1"
130,3.6,4.7,3.8,3.8,2.7,3.8,130,"9,301.8"
131,3.6,2.8,4,3.5,3.7,4.2,131,"16,178.5"
132,4.3,4.2,3.8,3.3,2.3,4.2,132,"21,368.0"
133,1.4,4.5,4,4.7,1.7,4,133,"15,638.4"
134,4.3,4.2,4.2,3.5,2.8,4.5,134,"18,202.1"
135,4.3,3,3.8,4.3,3.2,3.8,135,"14,381.8"
136,4.3,3,4.2,3,4.3,4,136,"3,581.8"
137,3.6,2.3,4,4.3,3.8,3.2,137,"13,537.5"
138,4.3,3,3.7,3.8,1.2,3.5,138,"6,983.4"
139,2.1,3,1.3,2.7,4.8,3.2,139,"3,556.4"
140,0.7,4.7,3.8,4.8,1.7,4.7,140,486.1
141,3.6,1.7,3.8,3.3,2.7,4,141,"20,870.8"
142,4.3,3,4.2,3.2,3.3,4.8,142,472.2
143,4.3,2.8,4.2,4.8,2,4.3,143,"8,815.9"
144,3.6,3.3,3.3,4.2,2.2,3.5,144,"5,137.8"
145,3.6,3.2,4.7,4,1.3,4.7,145,314.1
146,3.6,2.7,3.5,2.8,3.8,4.5,146,"11,964.2"
147,2.1,3,3.3,4,1.8,2.8,147,"11,964.2"
148,2.9,3.8,4.3,3.7,1.8,4.7,148,472.2
149,1.4,4,4.7,4.8,1,4.7,149,"2,150.9"
150,2.1,3.7,5,5,1.3,3.8,150,856.6
151,2.9,3.7,3,4.7,1.8,2.8,151,"3,926.9"
152,4.3,4.2,4.2,3.7,3,4.2,152,"7,836.0"
153,5.0,3.8,4.8,4.5,3,4.7,153,"11,429.8"
154,4.3,2.2,2.8,1.8,4.8,4.3,154,"32,548.4"
155,4.3,3.3,4.3,3.8,1.5,3.8,155,"9,680.9"
156,4.3,3,4.2,3.3,3.3,4.5,156,"3,606.8"
157,3.6,4.7,4.5,4.2,1.2,3.7,157,"5,926.7"
158,2.1,3.2,5,5,2,3.5,158,"7,478.8"
159,4.3,2.8,4,3.5,2.3,3.7,159,"4,840.6"
160,4.3,3,3.5,3.7,2.3,4.7,160,"19,356.5"
161,4.3,3.2,3.7,5,2.2,4.3,161,"3,852.1"
162,3.6,4.2,4.5,4.7,1.7,3.5,162,"8,971.0"
163,5.0,3.8,4.5,5,1.7,4.8,163,"8,192.6"
164,4.3,4.5,4,3.7,4,4.3,164,"14,870.3"
165,4.3,2.3,3.8,2.8,4.2,3.2,165,"5,470.1"
166,4.3,2.8,3.3,2.5,4.3,2.3,166,"13,557.8"
167,2.9,4.5,4.7,4.3,1.7,3.8,167,"11,776.8"
168,3.6,3.2,4,3.5,2.2,3.7,168,439.0
170,3.6,2.5,4.7,4.2,2.7,2.8,170,"8,778.0"
171,4.3,4,3.8,3.8,1.5,3.3,171,"13,874.4"
173,3.6,3.8,4.5,4.2,1.5,4.2,173,"6,337.8"
174,3.6,3.8,4.8,3.8,1.3,4.5,174,144.3
175,1.4,4.5,3.2,3.8,1.7,4.8,175,"3,775.4"
176,2.1,3.2,3.5,4.7,1.5,4,176,844.1
177,1.4,3,4.2,4.7,1.5,4.8,177,"2,295.3"
178,2.9,3.7,4.3,4.7,1.3,4.5,178,"4,124.7"
179,1.4,3.5,3.3,3.2,1.8,4.3,179,"1,051.2"
180,2.9,4,3.5,4,2.8,4.7,180,"6,356.3"
181,3.6,2.3,3.2,3.5,3,4,181,"4,993.7"
182,2.9,3.3,4.3,3.3,3,5,182,"5,648.0"
183,4.3,2.5,2.7,2.3,3.7,3.5,183,"20,004.0"
184,4.3,3.5,4.5,3,1.8,5,184,"9,301.8"
185,2.9,2.5,2.5,4,2.3,3.2,185,"8,054.8"
186,2.9,3.3,3.3,4.7,1.7,4.2,186,3.5
187,4.3,3.8,4.7,4.7,2.2,2.3,187,"17,558.8"
188,2.1,3.7,2.7,3.7,2.3,3.8,188,"1,150.1"
189,2.1,4.5,4.7,4.7,1.7,4.2,189,"5,688.0"
190,4.3,3.7,4.8,4.2,1,4.5,190,"6,716.9"
191,2.9,3.5,2.7,3.2,3.2,2.8,191,"7,475.8"
192,3.6,3.5,4.2,4.7,1.7,3.7,192,"7,259.0"
193,4.3,3.2,4.5,4.5,2.2,4.2,193,830.3
194,3.6,3.5,4,4.5,2.2,4.2,194,"1,030.5"
195,4.3,2.3,3.7,4,2,2.3,195,"4,172.8"
196,2.9,2.7,4.2,3.2,2.2,4.7,196,36.6
197,2.1,3.7,3.5,4.7,1.3,4.2,197,734.7
200,5.0,3.7,4.2,4.8,2,3.8,200,733.6
201,2.9,2.7,3.5,4.2,2.7,3.8,201,"4,519.7"
202,0.7,4.8,4.2,5,1.5,3.5,202,"4,619.6"
204,4.3,3.3,3,3.7,3,3.5,204,434.9
207,2.9,3.3,4.3,4.3,4,3.3,207,"9,846.5"
208,3.6,2.2,2.2,3.2,3.3,3,208,"5,648.0"
209,4.3,3.7,5,4.8,2.8,3.3,209,"3,000.6"
211,2.1,3.5,3.5,3.8,1.8,3,211,"1,216.0"
212,4.3,3,3.3,3,3.7,3.5,212,"1,516.4"
213,1.4,4.2,4.3,4.5,1.2,4.5,213,760.5
214,2.1,4,3.7,4.7,2.2,3.5,214,"5,191.6"
215,1.4,3.7,3.7,4.2,2.2,3.3,215,13.5
216,4.3,3.7,4.7,3.5,2.5,3.8,216,"4,411.3"
217,0.7,3,3,3,3,3,217,"4,630.0"
218,2.9,2.7,3.8,4.3,4.2,3.3,218,389.6
219,4.3,4.7,4,4.8,2.8,3.7,219,"9,415.2"
220,2.9,2.7,3.8,4.2,3.2,4.7,220,"4,997.0"
221,3.6,3.3,4.3,4.8,1.7,4.3,221,"6,556.0"
222,2.9,4.3,3.8,4.8,1.2,4.3,222,38.0
223,4.3,2.5,3.2,3,4.8,3.2,223,"4,555.9"
224,4.3,2.2,3.8,2.8,1.7,4.2,224,"3,556.4"
225,4.3,3.3,3.8,4,2.2,4.2,225,"9,419.7"
226,3.6,1.8,3.7,2.3,3.5,4.8,226,"4,411.3"
227,5.0,4.2,4.3,4,3.2,4.3,227,"26,164.9"
228,2.9,3,4.7,4.7,1,4.5,228,"6,783.4"
229,2.9,2.8,4.8,4.3,1.2,3.5,229,"2,462.3"
230,1.4,4.5,4.5,5,1.2,4,230,"4,171.9"
231,4.3,3.7,4.2,2.8,3.5,5,231,"5,162.3"
232,4.3,3,4.3,5,1.2,4.2,232,"4,446.9"
233,2.9,2.8,3.2,4.3,2.2,4.7,233,"6,014.2"
234,4.3,2.5,3.8,3.7,1,2.8,234,190.6
235,2.1,3.7,2.7,3.7,1.8,3.7,235,"10,860.3"
236,2.9,3.3,4.5,4.3,1,4.3,236,376.3
237,2.9,4.7,3.5,4.7,3.2,4.7,237,822.1
238,2.1,3,4.5,4.8,2.5,3.3,238,376.3
239,4.3,4.3,4.7,4.5,1.3,3.7,239,"5,688.4"
240,4.3,4,4.7,4.7,1.8,4.8,240,"4,553.4"
241,1.4,4.5,4,4.7,1.3,4.3,241,"1,593.5"
242,4.3,3.2,3.8,2.8,4.2,2.7,242,"9,301.8"
243,4.3,4.3,3.7,4.5,2.8,4.2,243,131.0
244,1.4,3.3,4.3,3.2,2,4.3,244,"3,291.7"
245,2.9,4.7,4.3,4.7,2.3,4.8,245,"2,062.2"
246,1.4,3.2,4.5,3,2.7,4.2,246,"14,640.3"
247,5.0,3.8,4,3.8,3.2,5,247,"3,064.9"
248,4.3,2.7,3.7,2.3,4,3.8,248,"23,314.1"
249,4.3,3.7,3.7,4.2,2,4.2,249,569.6
251,2.1,3.7,4,4.5,2.3,3.7,251,"9,899.0"
253,4.3,2.7,4.2,2.8,3,3.5,253,"5,349.1"
254,4.3,4,3.5,3.2,2.8,3.8,254,"22,798.8"
255,4.3,3.7,4.3,4.8,3,3.8,255,"21,665.0"
256,1.4,2.7,4,4,2.5,3,256,"22,617.6"
257,4.3,4,4.7,4.2,3,5,257,"3,796.4"
258,4.3,2.7,3.5,3.5,2.5,3.2,258,836.7
259,2.9,2.7,3.8,3.7,2.8,3.7,259,"3,556.4"
260,4.3,3.7,4.7,4,2.5,4.5,260,"1,856.4"
261,4.3,3.7,3.5,3.2,3,4,261,"7,263.6"
262,4.3,3.2,3.5,3.7,3,3.7,262,"15,638.4"
263,2.9,3.5,3.3,4,3.2,3.5,263,23.2
264,2.9,3.3,3.8,4,2,3.3,264,187.4
265,3.6,4.3,2.2,5,1.2,4,265,13.7
266,2.1,2.7,3,2.8,3.7,2.5,266,"31,851.2"
267,1.4,4.3,3.8,4.5,2,5,267,"3,926.9"
268,4.3,3.3,4.5,3.7,1.8,3.8,268,"3,237.1"
269,5.0,3.8,3.2,3.7,2.2,3.8,269,763.8
270,4.3,3,3.8,3.7,3,3.7,270,"14,374.2"
271,4.3,3.5,3.7,4.8,2.7,3.5,271,"3,208.5"
273,2.9,4.2,3.7,4.5,2.7,3.5,273,"8,170.3"
274,2.9,4,3.7,4.5,1.8,3.5,274,"8,277.2"
275,5.0,4.2,4,4.8,2.8,3,275,"3,869.5"
276,1.4,3.8,3.3,4.7,1.3,3.5,276,"3,231.7"
277,1.4,2.8,4.5,5,2.3,3.8,277,"3,770.5"
278,2.1,2.8,4,4,1.5,3.2,278,"3,338.8"
280,1.4,4.3,5,5,1.3,4.3,280,"3,959.2"
281,1.4,3.3,5,4.3,1.7,4.5,281,36.2
282,5.0,3.7,3.2,4.3,3.3,4.5,282,"6,686.6"
283,4.3,3.7,4.7,4.8,2.2,4.7,283,"1,650.2"
284,2.1,4.2,3.8,4.5,1.5,3.2,284,"1,285.4"
285,2.1,3.2,3.7,4.3,1.8,4,285,"1,829.0"
286,4.3,2.8,4.2,4.3,2.2,4.5,286,"4,624.7"
287,2.1,2.3,4.5,4.5,3.5,3.7,287,"4,172.8"
288,4.3,3.3,3.5,4.7,2.3,3.3,288,"1,456.7"
289,2.9,3,3.3,3.5,1.3,3.2,289,"7,365.8"
290,2.1,1.3,4,2.8,2,3.2,290,"2,787.4"
291,2.9,4.5,4.5,5,1,4.3,291,"3,362.0"
292,4.3,3.8,4.2,3.8,2.2,4.8,292,"1,150.1"
294,2.9,4.2,4,4.5,2.8,3.8,294,"8,362.9"
295,4.3,2.7,4.2,4,2.2,3.3,295,190.6
297,4.3,4.7,4.5,4.7,2.5,5,297,"6,572.4"
298,2.9,2.8,4.3,4.2,1.8,4.2,298,"7,184.6"
299,4.3,3.3,4,3.2,1.5,4.7,299,"36,343.1"
300,5.0,4.2,3.5,4.3,1.3,4.2,300,"30,494.4"
301,3.6,3.8,4.8,5,1.7,5,301,"6,096.1"
302,4.3,3,5,4.5,1.2,3.7,302,"3,464.1"
303,1.4,4.7,4.7,4.8,1,4.8,303,"4,741.5"
304,3.6,4,3.8,3.3,1.3,4.2,304,"6,450.5"
305,0.7,3.2,4,2.7,1.8,4.3,305,"7,613.6"
307,4.3,2.5,3.5,3.5,3.3,3,307,23.2
308,5.0,4.5,4.7,4.8,1.3,5,308,109.2
309,2.9,4.7,4.2,4.8,2,3.8,309,"4,630.9"
311,4.3,4.5,4.5,3.7,2.3,3,311,"1,049.1"
312,4.3,4.8,3.8,4.7,2.2,5,312,569.6
313,1.4,3.3,3.5,3.8,2,3.8,313,17.4
314,1.4,3,4.3,4.3,3.3,4.3,314,"5,173.6"
315,1.4,4.8,5,4.5,2.3,3.8,315,"5,697.8"
316,1.4,3.3,4.8,3.7,1.2,4.5,316,200.9
317,4.3,3.5,4.3,4.5,2,3.8,317,"9,652.8"
318,3.6,2.5,4.2,3.3,2.5,4,318,796.7
319,3.6,2.7,3.5,3.2,3,3.2,319,"4,096.2"
320,4.3,4,3.8,4,1.3,3.7,320,"3,396.0"
321,1.4,4.2,5,4.8,1,4,321,"1,501.5"
322,3.6,5,3,3.2,1,4.2,322,"11,964.2"
324,2.9,3,3,3,3,3,324,"5,091.7"
325,5.0,4.8,4.3,3.3,1.7,4.7,325,"7,576.7"
326,1.4,4,3.2,4.2,1.2,4.3,326,"1,796.3"
327,4.3,5,5,4.7,1.2,5,327,16.5
329,3.6,2.2,4,4.5,2.5,3.5,329,"7,452.8"
330,4.3,2.8,3.8,3.7,3.2,3.3,330,"10,413.0"
331,1.4,3.2,3.2,3.2,3.5,3,331,"13,750.3"
333,1.4,4.3,4.5,4.5,2.3,4.3,333,"6,625.4"
334,4.3,2,3.7,3.2,4,4.2,334,"23,561.1"
335,2.9,3.3,3.8,4.7,1.3,4,335,"6,128.7"
336,0.7,3.7,4.3,3,1.5,3.7,336,"7,950.6"
337,5.0,4.3,4.3,4.2,1.2,4.3,337,"8,134.0"
338,2.9,3.3,4,5,1.5,2.7,338,436.9
339,3.6,4.8,4,3.8,2.8,4.5,339,372.3
340,5.0,2.8,3.3,3.7,3,4.5,340,"26,164.9"
341,2.9,3.8,4,3.8,1.7,2.8,341,"7,142.1"
342,4.3,2.5,3.8,3.7,2.5,4,342,"2,601.9"
343,3.6,3.3,3.8,4.3,2,4,343,"4,374.0"
344,2.1,3.2,4.3,5,2,3.3,344,"12,256.1"
345,3.6,3.8,4,3.3,1.7,4,345,"7,672.3"
346,4.3,4.7,4.2,3.8,1.8,4.2,346,"2,460.5"
347,4.3,3,4.2,3.5,1.3,2.8,347,"13,284.2"
348,5.0,4,5,4.7,1.2,4.7,348,"5,151.5"
349,4.3,3,3.2,4.3,1.7,4,349,"8,689.1"
350,2.1,2.7,3.8,4.7,2.3,4.3,350,"4,926.1"
351,4.3,2.8,4.8,3.3,2.2,4.7,351,"4,453.1"
352,4.3,3.3,4.2,4.8,1.2,5,352,"4,525.8"
353,4.3,3.8,3.8,3.5,3.5,5,353,372.3
354,5.0,2.8,3.2,3.7,2.7,3.3,354,"3,959.2"
355,2.9,3.7,3.3,3.2,3.3,4,355,"13,089.8"
356,1.4,3,3.5,3.5,3,3.5,356,"5,091.7"
357,2.9,4.2,3,4.3,1,4.3,357,"4,197.4"
358,4.3,4.2,4.3,3.7,1,4.7,358,76.3
359,5.0,2.5,4.5,3.5,3.2,3,359,"6,028.0"
360,3.6,3.5,3.5,4.3,3.8,3.3,360,"6,395.2"
361,2.9,4,3.5,3.3,3.2,4.8,361,"3,231.7"
362,1.4,3.2,3.3,4.7,1,4,362,"7,608.7"
364,4.3,3.2,4.7,4,1.3,2.8,364,"2,783.5"
365,1.4,2.3,4.5,4.2,1,3.3,365,"4,753.2"
366,2.9,2.7,4.7,4.3,2.8,3.2,366,"19,003.2"
367,4.3,2.5,3.3,3.2,3.2,2.8,367,"4,172.8"
368,4.3,3,3.7,3.8,3.3,4.3,368,"27,615.1"
369,3.6,3.3,4.7,5,2.7,4,369,694.4
372,5.0,2.8,4.2,4.5,3.7,4.8,372,"8,677.7"
373,4.3,1.8,2.8,4.3,1.3,3.7,373,"7,533.6"
374,2.9,3.7,4.3,4.2,3.3,3.5,374,"9,170.5"
375,4.3,4.2,3.7,3.5,2.2,3.5,375,622.6
376,3.6,3.5,3.8,2.8,2,3.8,376,"4,453.1"
377,4.3,4.2,4.5,3.7,1.5,4.5,377,"6,176.2"
378,3.6,3,3.8,3.8,2.8,4.2,378,298.0
381,4.3,3.5,4.2,3.7,3.8,4.7,381,372.3
382,0.7,5,4.3,4.7,1.2,4.7,382,"1,150.1"
383,4.3,3.3,3.8,3.3,2,4,383,836.7
384,4.3,3.2,4.8,4.2,3,4.5,384,"8,943.8"
385,3.6,2.7,3.8,2.2,2.3,3.8,385,"6,378.5"
386,4.3,4.2,4.8,4,1.8,4.8,386,"2,021.5"
387,2.1,3,4,3.8,2.7,3.8,387,"6,921.7"
388,4.3,2.5,3.7,4.3,2.5,4.2,388,"7,137.3"
390,4.3,4.3,4.3,4.5,2.8,4.2,390,"7,137.3"
391,1.4,4.2,4,4.2,1.5,4.7,391,"4,172.8"
392,4.3,2.8,4.2,3.7,2,4.7,392,"21,326.1"
393,5.0,4.2,4.8,4.5,1.2,4.8,393,"20,639.2"
394,2.9,3.2,3.5,3.7,1,4,394,372.3
395,3.6,3.3,3.8,4.2,3.8,4.8,395,"7,137.3"
396,2.9,2.5,3.2,4.2,2.2,4,396,"6,523.6"
397,5.0,2.8,3.7,2.3,2.8,4.8,397,"1,642.8"
399,0.7,2.3,4.5,3.3,4.7,2.7,399,"1,498.4"
401,2.9,3.8,4,4.8,2.3,3.3,401,"4,656.1"
402,5.0,2.3,5,3.5,2.7,4.2,402,"5,183.9"
404,1.4,3,3.3,3.3,2.7,3.2,404,"9,266.8"
406,4.3,3.5,4.5,3.8,1.5,4.2,406,"21,326.1"
407,1.4,3,4.2,4,2.3,2.8,407,"1,359.9"
408,5.0,3,4.8,4.5,1,4.7,408,328.9
409,3.6,3.7,3.8,4.3,1.5,2.8,409,"1,642.8"
410,1.4,4.3,4.7,4.8,2.5,3.5,410,"1,359.9"
411,3.6,2.8,3.5,3.8,2.8,4,411,"5,351.4"
412,4.3,4.5,2.3,4.2,2.3,3.7,412,"8,247.3"
413,1.4,3.2,3.8,5,1.4,4.3,413,"3,474.3"
414,4.3,3.2,4.8,4.3,1.2,4.5,414,"7,688.3"
415,4.3,2.7,3.5,4.3,1.8,3.8,415,"22,617.6"
416,2.9,4.7,4.3,5,1,3.5,416,"1,216.0"
417,4.3,4.5,4.8,4.3,1,4.3,417,"6,301.1"
418,1.4,2.7,4.5,5,1.3,4,418,"1,216.0"
419,4.3,2.8,3,3.8,3.2,2.7,419,"15,461.4"
420,2.1,4.2,4,4.5,1.3,3.3,420,187.4
421,2.1,4.2,2.7,2.7,2.3,3.2,421,"1,555.7"
422,1.4,3.2,4.7,4.7,2.2,2.7,422,23.2
423,4.3,5,4.8,3.3,1.3,5,423,"13,824.4"
424,1.4,3.8,3.8,4.7,1.2,4.8,424,"1,424.8"
425,2.9,2.7,5,3.7,2.2,4.3,425,"8,039.9"
426,4.3,3,3,3,3.3,3.2,426,54.0
427,4.3,3.8,4.7,4.8,1.7,5,427,783.4
428,4.3,4,3.7,4.2,1.8,4.8,428,783.4
429,2.9,3.2,4.8,4.2,1.2,4.5,429,"5,417.6"
430,4.3,4.2,5,3.8,1.3,4.7,430,"5,277.8"
431,4.3,4,4.2,4.8,1.3,4.3,431,"15,877.1"
432,4.3,4.5,4.5,3.7,2.7,4.2,432,"5,351.4"
433,4.3,3.2,3.3,4.3,1.3,3.5,433,"15,782.9"
434,5.0,4.8,4.7,4.8,1.2,5,434,"22,740.4"
435,3.6,4,4.7,3.8,1.2,4.3,435,"2,002.0"
436,2.9,4.7,4.3,4.3,2,3.3,436,"5,825.5"
437,4.3,4.2,3.7,3.3,2.3,4.5,437,"9,092.1"
439,0.7,2.2,3.3,2.8,4.5,3.3,439,"7,908.8"
440,3.6,3.5,4.2,3.8,2.3,3.3,440,"10,752.7"
442,2.1,4.5,2.5,4.8,2.3,3.8,442,"18,079.3"
443,4.3,4.3,4.3,4.5,1.8,4.5,443,"11,700.6"
444,4.3,4,4,4.5,4,3.8,444,"9,092.1"
445,4.3,3.5,4.8,4.2,2.3,5,445,"3,907.5"
446,4.3,4.7,4.8,4.8,1,4.3,446,"9,092.1"
447,4.3,2.7,4.7,2.5,2.7,4.7,447,"5,340.7"
449,2.1,3.5,4.3,4.2,2,3.3,449,"23,030.5"
450,4.3,4.2,4.2,4.2,3.3,3.5,450,"11,769.6"
451,4.3,3,4.2,4.8,1.8,3.7,451,"9,941.4"
452,2.9,3,3.7,2.7,3.2,3.7,452,"3,480.3"
453,2.9,3.2,4.3,3.7,1.8,3.5,453,"11,776.8"
454,4.3,3.2,4.2,3.5,2,4.3,454,"2,796.0"
455,1.4,3.2,4.5,4.3,2.5,3.5,455,"3,095.9"
456,4.3,2.7,3.8,4,2.5,4.3,456,"15,381.3"
457,2.9,4.5,4.8,3.7,1.3,4.7,457,783.4
458,2.9,3.5,4.8,5,1,3,458,187.4
459,4.3,3.8,5,3.3,1,4,459,"9,941.4"
461,4.3,3.8,4,4.3,1.3,4.8,461,"22,762.1"
462,1.4,3.3,4.7,3.7,2.2,3.3,462,288.3
463,3.6,3.2,4.2,3.7,1.7,2.8,463,"20,690.9"
464,2.9,3.3,4.2,5,2.8,3.8,464,"9,941.4"
465,3.6,1.8,3.7,3.8,1.7,2.7,465,"8,534.4"
466,3.6,4.3,5,5,1,4.3,466,"16,220.4"
467,2.1,4.7,4.2,5,1.8,3,467,"8,914.3"
469,4.3,3.7,4,4,1.2,3.7,469,"22,199.9"
470,0.7,2.7,3.7,4,2.7,3.5,470,"12,538.1"
471,4.3,4.7,4.5,3.3,1.3,4,471,783.4
472,5.0,4.5,4.5,4.2,1.2,4.7,472,"24,094.4"
473,4.3,4.5,4.8,4.5,4.5,4.8,473,"27,777.8"
474,3.6,2.3,3.5,2.5,3.3,3.7,474,"27,334.1"
475,2.9,3.2,4.5,4,1.8,3.7,475,"5,417.6"
476,2.9,3.5,4.7,3.2,1.4,3.7,476,"3,875.1"
477,4.3,2.3,3.7,2.3,5,3.7,477,"8,653.7"
478,1.4,3.2,3.7,3.3,2.3,4.2,478,"5,040.1"
479,3.6,2.3,3.3,4,3,3.8,479,"15,461.1"
480,4.3,2.8,3.3,2.8,2.7,3.2,480,"15,362.0"
481,3.6,3.5,4,4.3,2,3.8,481,"6,372.4"
484,4.3,3,3.2,4.7,3.5,4.8,484,"7,137.3"
485,2.9,2.8,3.2,2.7,3.5,4.3,485,"13,058.2"
486,2.9,3.8,3.7,3,2.3,4.2,486,"1,610.0"
488,4.3,3.8,4.3,3.8,2.7,4.8,488,426.7
489,4.3,4.2,4.2,4.3,2,4.7,489,"6,518.9"
490,4.3,3,3.8,5,2.8,3,490,"5,417.6"
491,2.9,3.3,4,3.8,1.5,4.3,491,"4,399.2"
492,4.3,1.7,4.5,3.5,3,3.3,492,"7,439.6"
493,3.6,3.2,3.8,3.5,3.2,3.7,493,"20,870.8"
494,4.3,3.5,3.2,3.8,4.3,3.5,494,"21,368.0"
495,4.3,3.8,3.7,5,1.5,4.7,495,"6,584.3"
497,5.0,4.8,3.8,4.8,1.8,3.5,497,"11,776.8"
498,2.9,3.8,4.2,4.8,1.5,4.3,498,"6,128.7"
499,4.3,3.8,4.3,3.8,2.5,4,499,"27,483.6"
500,4.3,5,4.8,4.7,1.3,3.8,500,"20,399.5"
501,2.9,2.8,4.5,4,2.2,4.3,501,"11,776.8"
503,4.3,2.7,3.5,3.2,3.3,4.5,503,"9,382.8"
504,3.6,2.7,3.7,3.3,3.2,3.7,504,"4,838.7"
505,2.9,3.7,4.7,3.2,2.5,2.3,505,"16,651.8"
506,1.4,3.3,3.3,4,3.2,3,506,187.4
507,1.4,4.3,3.3,3.7,2,3.2,507,"5,112.8"
508,4.3,4.3,4.5,5,1.3,3.8,508,"29,724.8"